Date,Close/Last,Volume,Open,High,Low
09/26/2022,$303.57,1476400,$308.91,$312.98,$302.92
09/23/2022,$307.6,1839908,$310.29,$311,$302.18
09/22/2022,$313.07,2290501,$320.34,$321.12,$312.27
09/21/2022,$322.86,1800932,$332.42,$337.54,$322.85
09/20/2022,$329.9,1162544,$331.68,$332.49,$327.98
09/19/2022,$334.35,1417477,$333.24,$338.142,$330.14
09/16/2022,$335.53,4219260,$334.92,$338.16,$328.25
09/15/2022,$337.36,1577641,$344.64,$344.64,$334.38
09/14/2022,$346.61,1803010,$343.54,$349.76,$337.82
09/13/2022,$340.68,2326580,$342.98,$348.32,$339.53
09/12/2022,$357.47,1141339,$356.94,$359.42,$352.75
09/09/2022,$358.67,1655431,$356.86,$362.73,$356.86
09/08/2022,$351.09,2258265,$335.83,$351.43,$332.8
09/07/2022,$337.82,1604872,$332.12,$340.85,$328.74
09/06/2022,$330.58,1402842,$333.81,$337.06,$326.71
09/02/2022,$335.25,1300820,$341.77,$345.32,$332.98
09/01/2022,$337.11,1870424,$334.86,$337.88,$328.99
08/31/2022,$344.13,1564840,$349.84,$349.84,$339.85
08/30/2022,$347.14,1416757,$357.3,$357.3999,$343.445
08/29/2022,$353.38,1319884,$353.49,$359.725,$351.27
08/26/2022,$359.18,1604358,$375.22,$377,$359
08/25/2022,$376.72,1285317,$364.14,$377.35,$362.74
08/24/2022,$362.67,938639,$360.26,$365.57,$357.68
08/23/2022,$362.45,860295,$361.69,$369.19,$361.27
08/22/2022,$359.8,1338906,$363.7,$366.37,$358.07
08/19/2022,$371.81,1257344,$376.4,$378.805,$369.22
08/18/2022,$382.02,1119324,$376.5,$384.045,$373.64
08/17/2022,$375.09,1198393,$376.86,$379.16,$369.19
08/16/2022,$380.73,872660,$383.95,$385.985,$378.4
08/15/2022,$384.32,1303574,$378,$385.65,$374.0901
08/12/2022,$381.2,1137117,$374.38,$383.78,$372.49
08/11/2022,$372.75,1323832,$375.48,$385.618,$371.085
08/10/2022,$374.51,1755517,$368,$375.5,$363.69
08/09/2022,$358.32,3194605,$374.53,$374.56,$355.68
08/08/2022,$387.68,1600131,$390.85,$396.69,$381.4
08/05/2022,$395.74,1213816,$389.09,$397.47,$386
08/04/2022,$397.4,1156357,$398,$398.96,$393.5869
08/03/2022,$395.93,1354641,$383.11,$397.8,$383.11
08/02/2022,$382.69,1205978,$383.71,$390.045,$379.3
08/01/2022,$385.64,1029384,$381.19,$390.7,$378.47
07/29/2022,$383.54,1826992,$362.04,$388.2,$360.18
07/28/2022,$369.98,1315202,$361.14,$371.32,$353.98
07/27/2022,$361.14,1318223,$350.28,$364.5,$349.97
07/26/2022,$345.91,835916,$349.86,$352.375,$344.17
07/25/2022,$350.6,986458,$348.34,$351.61,$342.99
07/22/2022,$354.02,1468326,$360.47,$360.47,$351.77
07/21/2022,$360.54,1243992,$358.18,$361.37,$352.5
07/20/2022,$356.45,1689224,$343.66,$357.6,$342.07
07/19/2022,$345.58,2044785,$334.13,$346.19,$333.33
07/18/2022,$329.49,1683142,$331.5,$340.85,$326.51
07/15/2022,$326.23,1238495,$322.27,$326.27,$316.645
07/14/2022,$319.09,1628896,$311.04,$321.28,$302.11
07/13/2022,$313.12,1055957,$307.63,$316.57,$306.4
07/12/2022,$313.78,1078425,$315.15,$319.4999,$311.49
07/11/2022,$313.17,1384541,$312.91,$316.5,$308
07/08/2022,$316.84,1007002,$309.28,$318.82,$308.44
07/07/2022,$314.17,1887008,$301.34,$315.63,$299.2801
07/06/2022,$293,2201210,$295.4,$297.26,$290.824
07/05/2022,$295.56,2222636,$286.28,$295.73,$282.83
07/01/2022,$296.26,2323600,$309.64,$313.69,$292.1201
06/30/2022,$319.08,1302591,$315.74,$325.6,$313.18
06/29/2022,$320.57,1226112,$323.58,$325.2,$316.21
06/28/2022,$330.09,1283087,$341.49,$345.24,$328.4
06/27/2022,$338.59,1369936,$342.82,$344.9366,$335.02
06/24/2022,$339.5,1924481,$327.92,$339.57,$324.34
06/23/2022,$320.66,1330261,$326.42,$327.6,$316.17
06/22/2022,$324.44,1077196,$317.95,$329.33,$316.12
06/21/2022,$327.22,1370343,$319.49,$332.59,$317.73
06/17/2022,$311.93,3072052,$311.21,$316.4,$304.95
06/16/2022,$310.4,2211580,$319.1,$321.61,$306.53
06/15/2022,$323.79,1214694,$322.39,$329.48,$316.21
06/14/2022,$316.47,1170299,$318.75,$320.63,$311.64
06/13/2022,$313.88,1904171,$322.33,$325.25,$312.665
06/10/2022,$333.66,1227342,$343.71,$345.81,$333.29
06/09/2022,$349.58,908842,$357.24,$363.83,$349.5
06/08/2022,$361.48,891876,$366.1,$367.16,$357.29
06/07/2022,$367.22,675946,$358.59,$368.71,$355.3004
06/06/2022,$362.47,582306,$370.16,$371.58,$360.0938
06/03/2022,$362.44,799931,$362.91,$366.39,$359.365
06/02/2022,$371.77,1161457,$355.96,$371.99,$354.14
06/01/2022,$356.99,1110093,$366.53,$369.04,$350.78
05/31/2022,$364.85,1592659,$366.3,$367.68,$357.77
05/27/2022,$371.27,1456200,$358.04,$372.34,$358.04
05/26/2022,$353.28,1435048,$333.23,$354.51,$333.1
05/25/2022,$337.98,1166479,$328.58,$339.86,$327.555
05/24/2022,$330.09,1308250,$337.02,$338.96,$326.58
05/23/2022,$341.18,1085900,$336.8,$345.47,$335.69
05/20/2022,$335.48,1996953,$342.68,$346.74,$318.03
05/19/2022,$338.52,1450789,$332.74,$346.43,$331.775
05/18/2022,$333.85,1668629,$345.09,$350.98,$331.45
05/17/2022,$351.51,1657405,$340.15,$353.13,$337.55
05/16/2022,$330.54,937178,$331.97,$337.74,$328.91
05/13/2022,$336.42,1982297,$320.34,$337.71,$318.02
05/12/2022,$315.6,1498163,$309,$320,$306.43
05/11/2022,$311.63,1320047,$318.28,$326.79,$311.08
05/10/2022,$323.22,1450936,$328.31,$330.58,$316.19
05/09/2022,$318.87,1822878,$322.32,$329.54,$316.33
05/06/2022,$331.35,967785,$331.8,$338.2699,$321
05/05/2022,$333.4,1863124,$342.88,$346,$329.315
05/04/2022,$349.38,1459006,$334.75,$350.47,$326.4301
05/03/2022,$334,1326107,$326.33,$335.04,$323.51
05/02/2022,$326.64,1564449,$321.67,$327.43,$312.165
04/29/2022,$319.26,2425012,$331.73,$342.265,$318.42
04/28/2022,$332.76,1833534,$319.36,$337.16,$316.75
04/27/2022,$314.78,1042577,$312.7,$324,$312.01
04/26/2022,$314.76,1281240,$325.34,$326.41,$314.4
04/25/2022,$331.21,1259930,$322.23,$331.68,$319.36
04/22/2022,$324.28,1420240,$334.69,$336.51,$323.555
04/21/2022,$335.99,1340625,$348.9,$354.97,$334.44
04/20/2022,$345.59,1295184,$345.09,$351.8795,$345
04/19/2022,$337.82,1319700,$329.45,$338.95,$324.56
04/18/2022,$327.87,984571,$320,$330.01,$319.4
04/14/2022,$321.48,1486326,$336,$337.3899,$320.92
04/13/2022,$336.52,1137760,$331.6,$339.64,$329.555
04/12/2022,$330.25,1164345,$340,$345.135,$328.2
04/11/2022,$331.47,1484048,$336.91,$339.17,$331.19
04/08/2022,$341.21,1550987,$349.55,$350.18,$340.68
04/07/2022,$353.08,1315133,$343.33,$356.385,$342.95
04/06/2022,$344.25,1780858,$338.93,$349.45,$333.485
04/05/2022,$345.52,1690028,$364.19,$365.475,$343.19
04/04/2022,$367.05,904212,$361.75,$368.33,$360.4
04/01/2022,$360.27,1183043,$369.2,$370.05,$354.785
03/31/2022,$366.06,1319885,$374.85,$378.95,$365.6
03/30/2022,$373.82,1122971,$383.4,$383.45,$371.57
03/29/2022,$384.33,1061982,$381.05,$386.93,$377.4485
03/28/2022,$375.35,1088743,$369.18,$375.65,$363.1
03/25/2022,$366.44,942253,$363.4,$368.88,$359.37
03/24/2022,$365.89,1066890,$353.99,$366.11,$350.16
03/23/2022,$348.73,1163432,$360.24,$360.24,$348.27
03/22/2022,$361.03,842459,$356.59,$364.65,$356.59
03/21/2022,$356.28,1333298,$360.35,$364.07,$350.81
03/18/2022,$365.05,2996354,$350.56,$366.42,$346.86
03/17/2022,$352.61,1014451,$346.43,$354.39,$345.02
03/16/2022,$350.92,1549505,$337.01,$351.3,$333.255
03/15/2022,$333.22,1333487,$323.68,$334.13,$323.3801
03/14/2022,$320,1558723,$324.23,$331.14,$318.01
03/11/2022,$323.27,958881,$336.1,$338.0244,$322.78
03/10/2022,$328.79,1555920,$330.74,$334.42,$322.73
03/09/2022,$339.56,1521253,$331.11,$341.99,$330.97
03/08/2022,$321.82,1805182,$316.25,$332.86,$310.55
03/07/2022,$314.14,1641104,$334.51,$337.49,$313.9
03/04/2022,$332.1,1566567,$338.74,$341,$326.95
03/03/2022,$342.53,1028596,$349.03,$349.58,$338.32
03/02/2022,$346.07,1289520,$342.31,$348,$337.27
03/01/2022,$336.79,1427546,$346.58,$349.35,$333.15
02/28/2022,$348.5,1883013,$353.42,$356.47,$341.13
02/25/2022,$357.65,1578349,$356.7,$359.87,$350.85
02/24/2022,$357.89,1676361,$331.7,$358.28,$329.26
02/23/2022,$343.78,1636805,$359.33,$364.23,$342.2
02/22/2022,$355.74,1667015,$355.06,$365.32,$348.615
02/18/2022,$358.3,1368928,$370,$370,$353.25
02/17/2022,$366.05,1821818,$379.29,$381.33,$365.06
02/16/2022,$385.65,1600180,$381.95,$387.52,$377.5
02/15/2022,$387.5,1565262,$373.48,$389.31,$372.61
02/14/2022,$365.16,1264196,$370.17,$377.94,$359.32
02/11/2022,$369.23,1657808,$391.14,$393.9,$365.08
02/10/2022,$389.71,1326485,$390.45,$405.78,$387.3
02/09/2022,$400.13,1460882,$393.53,$401.22,$390
02/08/2022,$385.22,1975224,$375.17,$386.34,$372.92
02/07/2022,$375.6,1084108,$378.49,$381.565,$374.11
02/04/2022,$377.38,1129212,$373.09,$380.61,$368.11
02/03/2022,$373.68,1868420,$385.58,$389.235,$372.46
02/02/2022,$395.46,1322253,$391.21,$396.75,$385.27
02/01/2022,$388.03,1357698,$389.82,$391.5,$375.26
01/31/2022,$389.27,2216504,$366.32,$389.73,$366.155
01/28/2022,$366.65,2111651,$352.55,$366.937,$344.03
01/27/2022,$361.8,3078105,$375.797,$378.84,$358.955
01/26/2022,$380.6,2381823,$383.78,$398.04,$374.18
01/25/2022,$370.11,1782846,$378.01,$382,$369.65
01/24/2022,$391.1,3310968,$367.69,$393.57,$362.9
01/21/2022,$373.03,1934860,$379.02,$388.5,$370.64
01/20/2022,$383.28,1578604,$400,$407.62,$382.32
01/19/2022,$393.19,1511487,$417.77,$421.86,$392.84
01/18/2022,$412.98,1710315,$437.149,$438.27,$412.005
01/14/2022,$445,1421994,$419.17,$445.52,$418.79
01/13/2022,$421.48,2290414,$446.25,$457.12,$420.41
01/12/2022,$433.86,1213062,$429.62,$436.99,$429.62
01/11/2022,$425.61,1018474,$414.86,$425.87,$410.5
01/10/2022,$418.73,1341141,$410.21,$419.52,$404.7
01/07/2022,$416.91,1155021,$429.81,$435.53,$416.19
01/06/2022,$432.22,1268696,$420.63,$435.05,$417.77
01/05/2022,$420.74,1174041,$432.16,$435.09,$419.68
01/04/2022,$431.24,964994,$434.38,$436.84,$417.6
01/03/2022,$435.09,1044338,$431.14,$435.64,$425.61
12/31/2021,$430.11,525096,$427.9,$431.93,$427.26
12/30/2021,$427.08,614993,$435.45,$436,$426.29
12/29/2021,$435.08,613933,$432.78,$438.91,$431.53
12/28/2021,$432.15,751943,$441.54,$442.435,$430.32
12/27/2021,$440.17,1302969,$422.23,$441.55,$422.01
12/23/2021,$420.76,877966,$415.23,$424.49,$415.031
12/22/2021,$413.21,719616,$406.28,$413.38,$403.5466
12/21/2021,$409.4,2267046,$403.15,$412.2,$401.06
12/20/2021,$385.5,1850203,$385.88,$393.13,$381.63
12/17/2021,$391.55,3229103,$396.34,$397.48,$387
12/16/2021,$397.31,2306701,$414,$414.99,$395.09
12/15/2021,$409.91,2186854,$400.44,$411.54,$392.77
12/14/2021,$399.46,993385,$395.79,$402.3,$394.18
12/13/2021,$399.75,1189395,$410.69,$410.77,$396.83
12/10/2021,$410.69,833788,$415.17,$417.55,$404.09
12/09/2021,$409.37,1091617,$418.25,$420.12,$408.82
12/08/2021,$421.28,952206,$418.575,$422.31,$413.295
12/07/2021,$419.15,1348130,$406.56,$420.48,$405.765
12/06/2021,$399.53,1284391,$402.92,$403.42,$390.17
12/03/2021,$400.68,1313073,$407.62,$410.91,$394.61
12/02/2021,$402.53,1610003,$408.72,$415.87,$401.21
12/01/2021,$412.18,1637284,$415.25,$428.22,$408.18
11/30/2021,$408.13,1548653,$412.66,$418.43,$405.82
11/29/2021,$413.84,1084488,$402.81,$414.61,$402.81
11/26/2021,$398.96,756305,$406.71,$410.1,$397.04
11/24/2021,$413.3,730530,$410.39,$413.35,$401.12
11/23/2021,$411.98,1161599,$407.14,$412.36,$400.7972
11/22/2021,$407.9,1604742,$423.91,$427.235,$407.39
11/19/2021,$422.38,746344,$422.03,$426.84,$420.87
11/18/2021,$423.24,887720,$422.83,$424.84,$417.36
11/17/2021,$419.84,1476601,$421.77,$424.045,$417.59
11/16/2021,$423.2,1150998,$413.01,$424.02,$411.17
11/15/2021,$413.06,654176,$418,$418.85,$410.53
11/12/2021,$413.28,627402,$412.47,$417.34,$409.795
11/11/2021,$412.79,620204,$410.21,$414.2193,$408.0006
11/10/2021,$404.35,1169784,$410.04,$418,$403.34
11/09/2021,$417.11,837900,$412.93,$417.6,$410.421
11/08/2021,$412.84,1247784,$416.75,$419.33,$410.59
11/05/2021,$416.73,1655537,$410.32,$418.4,$405.63
11/04/2021,$409.08,1703794,$394.08,$409.65,$393.67
11/03/2021,$393.67,1237327,$390,$393.87,$383.06
11/02/2021,$388.75,1186406,$381.04,$388.82,$381.01
11/01/2021,$380.26,2049459,$373,$380.49,$369.16
10/29/2021,$372.76,1604216,$352.23,$374.11,$351.975
10/28/2021,$355.34,2350805,$366.435,$388.99,$352.5
10/27/2021,$340.57,1196157,$340.96,$345.43,$336.28
10/26/2021,$341.97,868038,$349.12,$349.12,$337.48
10/25/2021,$343.23,1057465,$347.71,$347.71,$341.68
10/22/2021,$343.03,1856445,$342.12,$357.92,$340.535
10/21/2021,$335.51,870642,$326.88,$336.13,$323.39
10/20/2021,$331.03,702020,$331.71,$333.9456,$328.22
10/19/2021,$332.14,820594,$325.7,$332.715,$325.56
10/18/2021,$326.77,1377830,$326.68,$328.23,$322.33
10/15/2021,$329.1,772540,$330.17,$332.39,$327.89
10/14/2021,$329.78,959105,$331.31,$331.31,$326.61
10/13/2021,$320.41,690566,$323.86,$326,$319.09
10/12/2021,$319.55,855557,$327.51,$328.29,$317.99
10/11/2021,$325.2,528777,$324.57,$331.21,$324.535
10/08/2021,$326.05,643140,$332.29,$332.37,$324.82
10/07/2021,$330.1,811890,$333.49,$336.17,$329.32
10/06/2021,$329.1,821069,$326.79,$330.22,$324.36
10/05/2021,$331.23,774291,$332.96,$334.44,$328.24
10/04/2021,$329.07,1147634,$332.12,$332.62,$325.59
10/01/2021,$335.02,904673,$336.715,$338.45,$328.78
09/30/2021,$334.51,963224,$338.28,$342.23,$333.9
09/29/2021,$335.3,1202286,$348.68,$349.74,$334.81
09/28/2021,$347.03,1620612,$352.34,$356.94,$346.33
09/27/2021,$365.78,843971,$364.51,$369.4125,$362.8
09/24/2021,$369.53,433879,$367.67,$370.65,$366.79
09/23/2021,$370.98,948283,$366.66,$372.406,$365.77
09/22/2021,$365.51,762376,$359.13,$366.31,$356
09/21/2021,$356.58,1160397,$358.95,$359.44,$349.64
09/20/2021,$355.18,1312342,$360.4,$361.56,$349.77
09/17/2021,$369.81,2162812,$374.4,$374.6,$366.61
09/16/2021,$372.02,1970672,$365,$373.73,$363.2
09/15/2021,$367.34,1566262,$357.35,$367.54,$354.05
09/14/2021,$356.39,1349443,$360.52,$364.79,$353.51
09/13/2021,$355.6,974258,$354.61,$358.32,$349.3
09/10/2021,$350.57,1241366,$351,$359.095,$350.31
09/09/2021,$347.83,1200102,$335.92,$348.89,$335.57
09/08/2021,$336.75,774816,$341.16,$341.16,$334.56
09/07/2021,$341.81,570254,$342.63,$343.079,$337.91
09/03/2021,$341.75,481880,$336.11,$342.5102,$336.11
09/02/2021,$337.71,470595,$337.89,$339.66,$335.36
09/01/2021,$335.45,668129,$340.95,$341.5901,$335.14
08/31/2021,$339.96,1003168,$343.67,$343.67,$333.725
08/30/2021,$342.11,516073,$345.34,$346.9,$338.8276
08/27/2021,$342.93,692604,$335.63,$343.53,$334.86
08/26/2021,$333.75,495478,$334.59,$336.73,$332.09
08/25/2021,$334.02,839362,$325.7,$335.54,$325.7
08/24/2021,$328,621457,$329.68,$334.3,$326.37
08/23/2021,$328.54,1274908,$323.96,$329.61,$323.38
08/20/2021,$319.97,794282,$324.73,$327.44,$315.46
08/19/2021,$322.35,729934,$314.79,$323.6,$313.5
08/18/2021,$317.55,1117992,$320.515,$326.48,$317.165
08/17/2021,$322.45,1255600,$325.86,$327.02,$316.86
08/16/2021,$329.19,1073578,$327.03,$331.54,$325.8301
08/13/2021,$327.88,596484,$327.14,$329.13,$325.8
08/12/2021,$328.51,1356735,$337.5,$339.85,$328.18
08/11/2021,$342.66,832303,$343.85,$345.03,$336.29
08/10/2021,$342,1476887,$351.24,$352.04,$340.6
08/09/2021,$351.52,748685,$353.52,$356.07,$351.3
08/06/2021,$353.35,908367,$351.54,$354.8,$351.14
08/05/2021,$353.71,730384,$355.54,$356.63,$349.505
08/04/2021,$353.8,1161855,$346.89,$356,$346.89
08/03/2021,$346.89,925388,$347.23,$349.52,$343
08/02/2021,$345.91,1128233,$348.16,$356.7,$344.79
07/30/2021,$348.16,2656975,$339.49,$356.71,$335.56
07/29/2021,$319.43,1119101,$313.45,$320.15,$310.37
07/28/2021,$315.57,646809,$311,$316.91,$309.47
07/27/2021,$309,1081363,$315.3,$315.3,$302.53
07/26/2021,$318.63,655103,$320.17,$322.33,$315.61
07/23/2021,$320.76,705156,$316.93,$322,$315.45
07/22/2021,$314.36,790177,$315,$318.14,$311.99
07/21/2021,$316.88,1607701,$304.34,$318.3,$303.86
07/20/2021,$302.77,1202664,$295.3,$304.83,$292.68
07/19/2021,$294.33,1332234,$289.93,$294.36,$287.44
07/16/2021,$293.22,1794463,$305.28,$307.885,$292.3
07/15/2021,$303.75,910334,$308.21,$310,$301.72
07/14/2021,$309.12,763067,$313.75,$318.3,$308.46
07/13/2021,$311.61,568363,$312.12,$315,$310
07/12/2021,$314.02,883288,$310.02,$314.29,$308.9
07/09/2021,$308.76,726712,$303.71,$309.58,$301.6
07/08/2021,$303.09,896055,$301.03,$305.13,$298.73
07/07/2021,$307.06,988925,$314.12,$314.94,$305.88
07/06/2021,$311.25,1071379,$312.71,$316.2833,$305.26
07/02/2021,$311.82,1053159,$313.73,$314,$308.01
07/01/2021,$311.74,1417132,$324.15,$324.3,$311.53
06/30/2021,$324.21,697625,$325,$325.01,$320.87
06/29/2021,$325.2,544802,$322,$326.03,$321.535
06/28/2021,$322.26,861794,$319.25,$325.49,$318.4
06/25/2021,$316.26,3921198,$315.62,$318.33,$313.96
06/24/2021,$315.89,730805,$313.49,$316.15,$312.28
06/23/2021,$310.86,656663,$308.86,$312.95,$308.62
06/22/2021,$308.62,672251,$307.64,$309.58,$304.21
06/21/2021,$308.81,882360,$306.02,$309.61,$302.48
06/18/2021,$304.48,1925879,$313.88,$314.72,$303.16
06/17/2021,$318.42,919826,$315.07,$321.3303,$313.14
06/16/2021,$315.9,856295,$322.87,$323.29,$313.23
06/15/2021,$320.59,718447,$324.45,$326.5899,$319.2871
06/14/2021,$325.21,634349,$320.93,$325.91,$318.93
06/11/2021,$320.11,770324,$320.65,$321.3499,$317.4
06/10/2021,$319.31,690882,$316.12,$320.6,$314.53
06/09/2021,$314.16,747975,$321.13,$322.82,$313.86
06/08/2021,$313.8,615034,$322.6,$323.6453,$311.85
06/07/2021,$318.55,1098487,$315.38,$319.33,$312.63
06/04/2021,$316.99,898366,$311.38,$318.07,$311.155
06/03/2021,$308.78,1243019,$311.78,$312.46,$307.33
06/02/2021,$315.59,881726,$316.1,$318.478,$312.8
06/01/2021,$315.73,1024747,$319.89,$324.75,$314.39
05/28/2021,$316.89,885477,$318.19,$320.31,$316.46
05/27/2021,$316.54,1195136,$316.85,$321.58,$315.9
05/26/2021,$317.39,1078116,$319.2,$322,$315.71
05/25/2021,$317.92,1258312,$320.13,$323.91,$316.54
05/24/2021,$317.55,1209209,$314.34,$320.12,$313.81
05/21/2021,$310.14,1049653,$314.97,$314.97,$308.71
05/20/2021,$313.36,1449887,$305.43,$315,$305.43
05/19/2021,$303.94,1300971,$288.05,$304.24,$286.58
05/18/2021,$293.92,1087664,$302.37,$302.99,$293.48
05/17/2021,$297.72,1352786,$298.45,$300.85,$292.175
05/14/2021,$305.75,1508053,$298.48,$309.09,$296.02
05/13/2021,$296.76,1533683,$294.54,$300.67,$293.73
05/12/2021,$286.74,1400375,$292.54,$295.76,$285.89
05/11/2021,$300.28,987731,$291.01,$301.56,$289.7201
05/10/2021,$299.9,1576939,$309.95,$313.88,$299.46
05/07/2021,$319.7,848306,$319.99,$323,$316.66
05/06/2021,$315.89,935229,$309.51,$316.28,$307.69
05/05/2021,$311.92,1157328,$313.17,$316.74,$306.395
05/04/2021,$307.94,1592347,$305.824,$308.09,$299.42
05/03/2021,$311.23,1412222,$317.62,$318.8,$308.49
04/30/2021,$315.35,1434141,$315.03,$321.655,$312.92
04/29/2021,$326.36,1295145,$325.92,$328.7281,$318.6601
04/28/2021,$324.84,983162,$329.5,$330.74,$324.23
04/27/2021,$330.49,939916,$340,$340,$329.26
04/26/2021,$335.81,1039447,$334.01,$337.57,$330.9925
04/23/2021,$332.07,1182069,$327.99,$334.1,$326.69
04/22/2021,$325.08,1045460,$329.45,$331.87,$322.76
04/21/2021,$331.79,1697765,$322.45,$332.22,$319.57
04/20/2021,$318.92,1477155,$323.11,$325.84,$317.78
04/19/2021,$324.39,1551747,$330.96,$333.62,$318.28
04/16/2021,$333,958199,$339.07,$339.86,$332.98
04/15/2021,$338.54,1198129,$341.79,$342.16,$335.71
04/14/2021,$336.5,1186228,$340,$346.67,$335.18
04/13/2021,$344.13,1226421,$349.52,$349.52,$339.12
04/12/2021,$345.1,1376308,$349.57,$350.7,$343.325
04/09/2021,$352.85,913937,$351.92,$355.08,$348.23
04/08/2021,$354.04,1124972,$354,$354.27,$348.42
04/07/2021,$348.04,985534,$347.71,$352.7,$343.68
04/06/2021,$346.6,1690443,$353.12,$353.8,$340.56
04/05/2021,$355.08,1496133,$349.05,$359.69,$346.07
04/01/2021,$347.29,1885789,$337,$347.79,$337
03/31/2021,$330.4,1811848,$321.75,$333.3,$321.17
03/30/2021,$317.07,924068,$312.81,$318.51,$311.69
03/29/2021,$314.31,1428493,$317.73,$317.85,$306.88
03/26/2021,$319.94,1650773,$298.71,$320.25,$298.71
03/25/2021,$299.41,1187968,$293.03,$301,$286.94
03/24/2021,$297.89,1669223,$310.499,$317,$297.55
03/23/2021,$297.06,1766327,$306.51,$307.48,$296.11
03/22/2021,$305.36,1819962,$300,$308.13,$298.306
03/19/2021,$292.88,3220744,$287.97,$297.24,$284.49
03/18/2021,$288.74,2041192,$298.3,$299.75,$287.78
03/17/2021,$305.39,1906301,$296.18,$309.91,$291.12
03/16/2021,$301.95,1544177,$299.72,$305.9605,$298.88
03/15/2021,$298.96,1321958,$293.47,$299.32,$291.42
03/12/2021,$294.27,1298410,$288.87,$294.78,$285.97
03/11/2021,$296.36,1709699,$294.0522,$301.9691,$290
03/10/2021,$283.45,1688239,$299.76,$300.375,$282.73
03/09/2021,$294.1,1944176,$283.63,$296.29,$282.29
03/08/2021,$274.04,2182464,$291.01,$293.83,$273.24
03/05/2021,$295.87,1631399,$292.69,$297.25,$278.18
03/04/2021,$287.62,1655325,$302.18,$306.26,$282.33
03/03/2021,$303.81,1155398,$310.49,$315.06,$303.53
03/02/2021,$309.82,1176122,$325.88,$326.68,$309.65
03/01/2021,$325.99,1293996,$316.016,$326.4,$315.01
02/26/2021,$311.23,1316296,$311.32,$314.7331,$303.17
02/25/2021,$304.79,1528269,$322.69,$326.35,$302.48
02/24/2021,$328.43,1170304,$313.84,$328.73,$310.08
02/23/2021,$318.78,1745850,$307.74,$321.47,$303.67
02/22/2021,$316.16,1123135,$325,$326.98,$313.85
02/19/2021,$330.67,1512402,$330.62,$338,$327.99
02/18/2021,$325.16,1005813,$326.1,$328,$321.135
02/17/2021,$330.3,1063010,$333.26,$334.7,$323.37
02/16/2021,$337.18,1395924,$332.5,$342.21,$332.5
02/12/2021,$331.81,1503138,$321.53,$334.765,$318.92
02/11/2021,$324.48,2285695,$299.41,$326.49,$299.41
02/10/2021,$297.61,547082,$302.13,$304.14,$296
02/09/2021,$298.31,735482,$300.29,$305.45,$296.52
02/08/2021,$302.26,1018152,$289.94,$302.59,$288.66
02/05/2021,$288.03,890442,$296.03,$298.145,$286.59
02/04/2021,$294.23,1401821,$288.443,$298.18,$286.32
02/03/2021,$286.3,1279883,$301.6,$301.6,$285.54
02/02/2021,$298.78,1106911,$296,$299.62,$293.6184
02/01/2021,$292.62,1052592,$286.02,$294.02,$282.49
01/29/2021,$280.07,1163789,$287.06,$289.2,$279.72
01/28/2021,$291.1,1021246,$290.73,$296.74,$288.445
01/27/2021,$284.44,1658044,$297.3,$298.81,$283.0528
01/26/2021,$303.55,832412,$310,$310.74,$302.82
01/25/2021,$308.9,955821,$309.4,$312.33,$303.3
01/22/2021,$305.01,725154,$305.3,$309.355,$304.47
01/21/2021,$305.2,1063124,$307.96,$308.9,$300.43
01/20/2021,$304.33,1019699,$316.921,$317.6,$302.25
01/19/2021,$314.08,1274958,$307.84,$316.8,$307.84
01/15/2021,$304.13,1606579,$303.49,$304.81,$296
01/14/2021,$303.88,2431231,$302.82,$315.87,$301.91
01/13/2021,$290.1,1154581,$288.75,$293.52,$285.16
01/12/2021,$290.99,1323577,$289,$296.3,$287
01/11/2021,$289.11,1203959,$281.35,$290.85,$278.01
01/08/2021,$283.18,1051805,$282.22,$287.34,$279.56
01/07/2021,$278.19,1011896,$268.69,$279.35,$268.355
01/06/2021,$265.21,850554,$262.45,$270.94,$261.81
01/05/2021,$265.79,1074856,$260.19,$266.3199,$258.96
01/04/2021,$260.33,1252064,$262.06,$270.28,$257.7
12/31/2020,$258.91,728028,$258.07,$259.99,$255.555
12/30/2020,$260.15,641508,$256.64,$262.37,$255.2063
12/29/2020,$254.36,579207,$258.04,$258.76,$252.02
12/28/2020,$257.58,497360,$260.79,$261.5,$257.21
12/24/2020,$259.08,367241,$254.86,$259.08,$253.97
12/23/2020,$252.79,676409,$258.45,$258.57,$252.52
12/22/2020,$257.59,753371,$259.94,$261,$256.26
12/21/2020,$260.77,1023195,$258.72,$262.05,$258
12/18/2020,$262.15,2220195,$258.75,$262.88,$257.28
12/17/2020,$259.68,1355109,$262.88,$263.35,$257.71
12/16/2020,$260.55,699125,$261.37,$261.51,$257.7553
12/15/2020,$261.01,774086,$263.99,$264.79,$259.59
12/14/2020,$260.13,1039532,$257.47,$263.87,$257.47
12/11/2020,$257.63,1122835,$253.6,$257.88,$252.26
12/10/2020,$255.98,1009689,$255.15,$259.12,$253.593
12/09/2020,$256.49,1197161,$266.61,$268.89,$253.84
12/08/2020,$266.94,712722,$267.08,$268.74,$264.69
12/07/2020,$266.7,693721,$265.23,$267.93,$262.8
12/04/2020,$263.7,748968,$258.15,$264.17,$258.085
12/03/2020,$257.39,518592,$258.65,$261.85,$257.045
12/02/2020,$256.32,849071,$254.78,$258.52,$254.27
12/01/2020,$256.66,903485,$254.46,$258.72,$252.59
11/30/2020,$251.97,1017718,$256.99,$256.99,$248.415
11/27/2020,$254.13,335501,$251.11,$256.22,$251.11
11/25/2020,$248.95,547223,$250,$251.1023,$247.12
11/24/2020,$250.17,750209,$250.75,$251.7,$247.8001
11/23/2020,$250.24,720431,$243.28,$250.44,$242.66
11/20/2020,$242.57,583089,$244.31,$247.39,$242.48
11/19/2020,$243.75,716422,$236.12,$244.365,$236.01
11/18/2020,$240.34,832311,$243.61,$244.74,$239.95
11/17/2020,$241.84,1401204,$242.45,$243.82,$239.7
11/16/2020,$241.78,882846,$237.64,$242.57,$236.37
11/13/2020,$236.1,892703,$237.15,$240.92,$235.51
11/12/2020,$233.26,895330,$235.13,$236.125,$231.31
11/11/2020,$233.51,994842,$227.21,$234.13,$225.7
11/10/2020,$223.73,1071620,$230,$232.27,$223.13
11/09/2020,$232.32,1135000,$237.71,$242.6026,$231.93
11/06/2020,$231.68,695959,$228.88,$233.28,$225.72
11/05/2020,$228.1,1276481,$222.86,$228.93,$222.86
11/04/2020,$220.53,1356776,$214.31,$221.78,$210.585
11/03/2020,$210.88,1188206,$205.06,$212.4,$204.51
11/02/2020,$202.23,817887,$199.8,$203.22,$198.8205
10/30/2020,$197.18,1047289,$198.5,$201,$195.34
10/29/2020,$201.95,1351524,$190.4,$204.08,$190.205
10/28/2020,$190.55,1554791,$194.52,$196.24,$190.48
10/27/2020,$198.59,739178,$200.01,$200.49,$197.13
10/26/2020,$198.94,942634,$200.65,$202.42,$197.04
10/23/2020,$203.17,842874,$205.15,$206.49,$202.195
10/22/2020,$203.31,884854,$205.3,$205.95,$201.52
10/21/2020,$206.3,607025,$205.76,$208.86,$205.63
10/20/2020,$205.72,607240,$208.84,$209.3,$205.06
10/19/2020,$206.81,994563,$212.34,$212.34,$206
10/16/2020,$208.4,1225955,$214.43,$214.84,$207.6
10/15/2020,$213.09,1168527,$209.39,$213.86,$208.111
10/14/2020,$216,1399005,$220.09,$223.54,$215.11
10/13/2020,$219.94,944261,$215.9,$221.66,$214.09
10/12/2020,$214.55,1288985,$213.96,$215.9,$212.6
10/09/2020,$211.04,1200145,$209.98,$212.11,$208.79
10/08/2020,$206.69,686008,$205.49,$206.95,$204.47
10/07/2020,$202.9,1164895,$203,$205.69,$201.11
10/06/2020,$199.83,1278751,$199.89,$205.84,$198.68
10/05/2020,$199.95,1242321,$193.28,$200,$192.72
10/02/2020,$191.96,1092077,$192.09,$196.32,$190.8
10/01/2020,$198.98,915251,$197.62,$200.21,$195.66
09/30/2020,$193.74,1019255,$192.67,$196.46,$191.05
09/29/2020,$193.33,766737,$194.86,$195.81,$192.6
09/28/2020,$193.25,1348816,$188.14,$193.68,$186.8
09/25/2020,$187.91,906859,$183.71,$188.62,$181.58
09/24/2020,$184.54,1134149,$178.08,$187.56,$178.08
09/23/2020,$180.79,1136501,$184.38,$186.33,$179.96
09/22/2020,$183.3,837722,$182.81,$183.6225,$177.54
09/21/2020,$181.1,1099329,$178.36,$181.22,$175.612
09/18/2020,$178.96,1792847,$181.23,$184.55,$176.64
09/17/2020,$180.49,1090140,$175.37,$180.72,$174.7
09/16/2020,$180.81,1624484,$182.4,$185.19,$180.61
09/15/2020,$180.76,1441443,$179.98,$180.94,$177.33
09/14/2020,$178.08,1254365,$176.56,$178.51,$174.99
09/11/2020,$171.94,1318835,$174.87,$176.52,$171.31
09/10/2020,$173.13,2413087,$176.03,$177.35,$172.62
09/09/2020,$174.46,2314517,$178.9163,$179.94,$172.8501
09/08/2020,$174.47,2919401,$181.19,$182.67,$173.825
09/04/2020,$193.37,2380604,$199.84,$200.43,$186.78
09/03/2020,$201.41,1807358,$213.61,$214.04,$200.25
09/02/2020,$215.54,1171850,$210.68,$216.17,$209
09/01/2020,$207.95,738071,$205.89,$208.485,$204.51
08/31/2020,$205.14,930130,$207.78,$208.11,$203.98
08/28/2020,$208.61,828891,$204.79,$208.92,$203.95
08/27/2020,$204.45,1158966,$213.78,$214.14,$203.5
08/26/2020,$212.23,615178,$209.77,$212.66,$209.595
08/25/2020,$210.28,869698,$208.03,$211.18,$207.19
08/24/2020,$208.36,922389,$207.5,$208.67,$205.3
08/21/2020,$203.97,1425883,$206.75,$206.87,$202.1132
08/20/2020,$206.85,915264,$206.6,$208.8325,$205.08
08/19/2020,$210.54,734320,$212.71,$212.719,$209.49
08/18/2020,$211.76,842705,$217.71,$217.9,$211.365
08/17/2020,$216.63,1320429,$213.19,$218.57,$212.81
08/14/2020,$211.51,1209398,$210.08,$215.2,$209.5
08/13/2020,$209.96,1152713,$207.79,$210.26,$206.42
08/12/2020,$208,823551,$201.56,$208.76,$201.11
08/11/2020,$200.54,745274,$203.56,$204.82,$200.05
08/10/2020,$203.09,1018875,$201.4,$203.36,$198.25
08/07/2020,$202.85,990972,$201.86,$206.5322,$200.29
08/06/2020,$203.59,1036683,$203.25,$204.2,$200.99
08/05/2020,$203.99,834902,$206.02,$206.2,$202.365
08/04/2020,$204.9,1727901,$200.241,$205.17,$200.1543
08/03/2020,$207.65,1809921,$202.59,$208.04,$202.5
07/31/2020,$199.83,1150187,$200,$200,$195.04
07/30/2020,$197.9,1166931,$194.81,$199,$193.75
07/29/2020,$195.13,1479781,$191.5,$195.72,$190.34
07/28/2020,$192.47,1151974,$195.3,$196.93,$192.19
07/27/2020,$197.07,1857903,$192.27,$197.88,$190.185
07/24/2020,$188.21,2477569,$196.39,$197.26,$187.14
07/23/2020,$203.92,1156125,$205.78,$209.3,$202.29
07/22/2020,$205.94,947247,$204.99,$206.865,$203.21
07/21/2020,$203.51,920952,$203.87,$204.68,$200.79
07/20/2020,$203.01,756634,$197.32,$203.97,$196.57
07/17/2020,$197.2,824320,$198.02,$198.38,$195.02
07/16/2020,$196.04,989574,$193.98,$197.48,$193
07/15/2020,$196.04,1454253,$201.86,$204.17,$194.31
07/14/2020,$200.93,1612007,$197.81,$201.65,$194.01
07/13/2020,$199.57,1152480,$204.965,$207.78,$199.08
07/10/2020,$202.26,994873,$203.6,$204.2,$198.23
07/09/2020,$203.59,1083717,$203,$206.49,$200.64
07/08/2020,$204.51,748749,$203.335,$205.73,$201.175
07/07/2020,$202.69,1311301,$203.48,$205.33,$201.8
07/06/2020,$203.59,1367367,$199.385,$206.51,$198.22
07/02/2020,$196.51,1247045,$194.56,$198.21,$194.27
07/01/2020,$193.15,1262023,$194.48,$195.27,$191.92
06/30/2020,$194.48,1253618,$191.03,$195.86,$191.03
06/29/2020,$191.73,677689,$190.54,$191.75,$186.585
06/26/2020,$189.57,1713514,$192.63,$193.2,$189.04
06/25/2020,$192.35,1133682,$190.91,$192.71,$187.42
06/24/2020,$188.62,1486651,$192.21,$193,$185.69
06/23/2020,$193.21,1089264,$195.16,$195.16,$192.29
06/22/2020,$191.86,1179321,$189.35,$193.77,$189.35
06/19/2020,$193.1,3330982,$196.43,$197.5,$192.05
06/18/2020,$193.74,937974,$194.29,$194.29,$192.05
06/17/2020,$193.89,1246231,$193.17,$196.3,$192.17
06/16/2020,$192.99,1482522,$193.855,$196.97,$188.73
06/15/2020,$187.75,1270852,$178.24,$188.125,$176.58
06/12/2020,$184.69,1253125,$186.17,$188.4,$180.07
06/11/2020,$180.58,1460454,$191.32,$191.32,$179.84
06/10/2020,$192.77,779670,$192.43,$195,$190.34
06/09/2020,$191.03,776389,$190.54,$192.55,$188.65
06/08/2020,$191.87,816520,$193.62,$194.06,$188.77
06/05/2020,$192.48,1500164,$190.22,$196.25,$189.33
06/04/2020,$186.29,1068678,$184.81,$189.12,$183.69
06/03/2020,$186.05,1659961,$178.84,$186.95,$178.38
06/02/2020,$177.29,892655,$175.3,$177.55,$172.9401
06/01/2020,$175.96,1085607,$175,$178.4,$173.45
05/29/2020,$175.96,1792117,$176,$177.97,$173.57
05/28/2020,$174.61,1272036,$177.66,$180.218,$173.4
05/27/2020,$176.73,1659567,$178.12,$178.9,$168.24
05/26/2020,$176.64,1911356,$176.91,$180.33,$174.6903
05/22/2020,$173,666445,$173.77,$173.97,$170.4
05/21/2020,$172.43,1001799,$176.13,$177.25,$171.8605
05/20/2020,$177.92,1302644,$175.5,$180.21,$174.9706
05/19/2020,$172.52,1074834,$172.21,$177.63,$171.14
05/18/2020,$172.31,1492117,$171.81,$173.47,$168.78
05/15/2020,$167.43,3709972,$168.03,$171.62,$165.98
05/14/2020,$176.75,2683539,$162.55,$176.96,$158.89
05/13/2020,$164.07,1805145,$165.37,$168.61,$160.6592
05/12/2020,$165.57,965411,$170.22,$171.1925,$165.41
05/11/2020,$168.78,1145786,$169.19,$169.95,$167.28
05/08/2020,$171.5,1265444,$166.83,$172.39,$165.681
05/07/2020,$163.84,1683633,$167.37,$169.685,$163.57
05/06/2020,$163.81,2422730,$163.41,$169.13,$158.46
05/05/2020,$155.63,1868984,$156.46,$160.685,$153.96
05/04/2020,$151.995,1473247,$149.68,$152.8699,$147.54
05/01/2020,$150.27,2692772,$158.3,$158.89,$147.71
04/30/2020,$164.09,1241425,$173.95,$175.3115,$163.97
04/29/2020,$175.89,1518978,$169.93,$177.17,$168.21
04/28/2020,$166.27,1198925,$168.39,$170.77,$165.95
04/27/2020,$166.06,1030546,$167.04,$169.24,$164.64
04/24/2020,$164.92,1492528,$160.98,$165.57,$158.02
04/23/2020,$159.45,1404575,$158.44,$160.8399,$157.01
04/22/2020,$158.68,1207793,$154.31,$159.36,$151.29
04/21/2020,$148.59,1284703,$153.44,$154.18,$147.46
04/20/2020,$156.3,634822,$158.79,$160.34,$156.05
04/17/2020,$161.21,998115,$160.93,$162.29,$157.79
04/16/2020,$156.65,1562959,$158.21,$160.75,$154.23
04/15/2020,$153.22,1278665,$158.18,$158.3,$151.11
04/14/2020,$161.73,1274733,$155.1,$162.34,$153.81
04/13/2020,$152.09,868569,$149.5,$152.42,$148.1756
04/09/2020,$150.12,1303806,$152.15,$157.87,$148.485
04/08/2020,$152.37,1349997,$149.59,$153.15,$146.91
04/07/2020,$147.27,1454117,$154.1,$155,$146.52
04/06/2020,$148.5,1846103,$135.21,$149.21,$132.93
04/03/2020,$127.94,1143931,$130.82,$132.99,$125.56
04/02/2020,$132.44,1346403,$129.57,$133.795,$129.31
04/01/2020,$131.61,1661089,$138.7,$141.22,$129.6588
03/31/2020,$143.74,2907516,$150.84,$150.84,$141.53
03/30/2020,$149.52,1623722,$142.07,$150.57,$142
03/27/2020,$142.24,2240885,$145.04,$147.17,$141.32
03/26/2020,$149.76,1870541,$140.77,$150.47,$139.06
03/25/2020,$137.47,1703164,$135.72,$145.94,$134.385
03/24/2020,$136.36,2776148,$121.7,$136.55,$120
03/23/2020,$116.36,2124904,$114.32,$120.69,$110.19
03/20/2020,$114.02,2632573,$129.71,$132.55,$113.08
03/19/2020,$127.36,1955175,$131.88,$135.42,$126.76
03/18/2020,$132.02,2664900,$132.25,$143.13,$127.36
03/17/2020,$149.63,3213596,$131.87,$150.44,$125.635
03/16/2020,$129.5,2752351,$128.69,$140.48,$126.1926
03/13/2020,$145.37,2804666,$132.82,$145.76,$127.89
03/12/2020,$125.36,2672898,$135.24,$139,$125.25
03/11/2020,$144.92,2730659,$150.13,$152.22,$142.62
03/10/2020,$154.57,2438494,$148.51,$154.76,$145.58
03/09/2020,$144.92,2815758,$144.98,$150.49,$144.265
03/06/2020,$155.68,1858352,$152.05,$156.14,$151.489
03/05/2020,$156.69,1697018,$156.65,$158.88,$154.48
03/04/2020,$160.71,1493454,$157.09,$160.71,$154.66
03/03/2020,$153.81,2397553,$156.81,$159.29,$152.38
03/02/2020,$158.74,2706741,$154.5,$159,$151.705
02/28/2020,$153.71,3695232,$142.09,$153.93,$142.09
02/27/2020,$147.99,3589666,$142.81,$148.375,$142.27
02/26/2020,$147.27,1879530,$149,$150.645,$146.22
02/25/2020,$147.41,2046877,$155.28,$155.99,$147.07
02/24/2020,$153.73,2649605,$154.75,$156.8625,$152.9
02/21/2020,$161.12,1909894,$165.67,$166.25,$160.81
02/20/2020,$167.3,1664537,$171.74,$172.42,$165.67
02/19/2020,$172.98,1069265,$172.21,$174.82,$171
02/18/2020,$169.23,1778465,$167,$172,$166.67
02/14/2020,$176.28,864866,$179.12,$179.7599,$174.89
02/13/2020,$178.72,1158098,$175.68,$180.08,$174.91
02/12/2020,$175.97,958016,$174,$176.46,$173.85
02/11/2020,$173.04,1268990,$169.21,$173.53,$168.33
02/10/2020,$168.92,1680342,$164.1,$169.01,$164.08
02/07/2020,$165.1,1492780,$170.71,$171.27,$164.76
02/06/2020,$171.74,1370335,$171.43,$173.39,$170.15
02/05/2020,$171.28,3113142,$176.06,$177.79,$168.8
02/04/2020,$178.8,1735912,$174.33,$178.8,$173.84
02/03/2020,$169.93,1181617,$167.27,$170.65,$167.01
01/31/2020,$165.74,1505971,$171.38,$172.75,$165.25
01/30/2020,$172.92,1447964,$173.5,$175.37,$169.57
01/29/2020,$171.72,1029384,$176.35,$176.94,$171.66
01/28/2020,$175.93,938118,$172.2,$176.33,$171.7
01/27/2020,$170.31,1581385,$174.77,$175.23,$169.85
01/24/2020,$179.4,961020,$183.88,$184.5,$178.43
01/23/2020,$182.55,1056877,$179.82,$182.66,$179.115
01/22/2020,$180.13,1084723,$180,$182.78,$179.87
01/21/2020,$178.81,1571351,$177.65,$180.89,$177.565
01/17/2020,$178.73,1604769,$180.87,$180.9,$177.36
01/16/2020,$180.91,1197268,$179.5,$181.83,$179.01
01/15/2020,$177.92,922813,$177.09,$178.7,$175.85
01/14/2020,$177.48,1279640,$175.91,$178.22,$174.07
01/13/2020,$175.1,662421,$173.97,$175.11,$173.36
01/10/2020,$173.01,883844,$176.41,$177.43,$171.95
01/09/2020,$175.49,916894,$178.41,$179.42,$174.95
01/08/2020,$176.67,883499,$176.5,$178.66,$175.52
01/07/2020,$176.44,1140522,$176.14,$177.77,$174.3
01/06/2020,$175.05,1266784,$176.32,$177.56,$174.09
01/03/2020,$179.08,833408,$179.33,$181.17,$177.86
01/02/2020,$182.57,1005598,$180.775,$182.6988,$180.021
12/31/2019,$178.17,869378,$177.39,$178.51,$176.3
12/30/2019,$178.37,756432,$178.02,$178.92,$175.23
12/27/2019,$178.52,553906,$179.25,$179.705,$177.36
12/26/2019,$178.75,527880,$178.58,$178.8,$177.14
12/24/2019,$178.11,257681,$177.79,$178.19,$176.28
12/23/2019,$177.11,969098,$178.86,$179.24,$176.9
12/20/2019,$177.47,2695150,$176.82,$177.84,$174.97
12/19/2019,$175.46,1187773,$175.7,$176.22,$172.86
12/18/2019,$175.26,1516437,$175.9,$177.47,$175.26
12/17/2019,$175.96,1333394,$172.07,$176.12,$172.07
12/16/2019,$172.06,1305963,$174.74,$175,$172.03
12/13/2019,$171.24,1152841,$170.95,$173.09,$170.12
12/12/2019,$171.46,1627547,$166.98,$171.92,$166.6987
12/11/2019,$167.12,934073,$162.78,$167.43,$162.68
12/10/2019,$162.37,1190592,$162.29,$164.32,$161.431
12/09/2019,$160.88,770643,$163.33,$163.568,$160.63
12/06/2019,$162.89,989332,$163.49,$165.515,$162.85
12/05/2019,$161.5,1320746,$160.49,$162.83,$160.08
12/04/2019,$160.26,1145037,$159.52,$160.79,$158
12/03/2019,$156.38,1993414,$158,$159.01,$155.5638
12/02/2019,$161.06,1150798,$163.95,$164.24,$160.39
11/29/2019,$163.86,705434,$165.09,$165.57,$163.69
11/27/2019,$165.65,1378622,$163.3,$166.26,$162.14
11/26/2019,$162.13,2035318,$163.85,$164.22,$161.11
11/25/2019,$163.35,1905886,$160.34,$164.22,$160.3
11/22/2019,$158.49,2274694,$160.47,$162.65,$157.84
11/21/2019,$161.59,3498115,$165.86,$166.58,$159.62
11/20/2019,$173.67,1131421,$176.13,$177.15,$172.86
11/19/2019,$175.99,1284992,$177.04,$178,$173.5
11/18/2019,$177,1064583,$177.59,$178.17,$176.73
11/15/2019,$177.86,1570163,$178.83,$179.95,$177.11
11/14/2019,$176.6,824109,$175.97,$176.97,$174.325
11/13/2019,$176.35,930489,$174.2,$177.35,$173.14
11/12/2019,$174.42,888868,$175.13,$176.23,$173.65
11/11/2019,$174.43,630955,$173.63,$175.34,$171.46
11/08/2019,$174.21,648901,$170.33,$174.28,$170.33
11/07/2019,$171.95,960518,$173.58,$174,$171.52
11/06/2019,$172.52,1397973,$171.22,$172.76,$168.33
11/05/2019,$171.98,1715519,$174.17,$175.32,$171.43
11/04/2019,$174.02,1046885,$174.78,$175.43,$172.46
11/01/2019,$172.42,1462541,$170.13,$173.14,$169.27
10/31/2019,$169.04,2595772,$167.67,$170.2484,$160.4
10/30/2019,$172.96,1706475,$171.82,$173.94,$169.21
10/29/2019,$170.28,1693582,$174.1,$175.32,$170.19
10/28/2019,$174.78,1586197,$171.02,$175.25,$171.02
10/25/2019,$169.94,1101685,$167.69,$170.29,$166.7989
10/24/2019,$168.74,1838377,$164,$168.945,$163.46
10/23/2019,$158.72,1141315,$161.14,$162.22,$158.27
10/22/2019,$162.82,1235371,$163.88,$164.8509,$162.34
10/21/2019,$164,1820465,$160.31,$164.29,$159.87
10/18/2019,$159.69,1219555,$160.63,$162.02,$158.32
10/17/2019,$161.51,1614062,$162.71,$167.95,$161.0375
10/16/2019,$159.64,1299884,$160.8,$161.97,$159.0816
10/15/2019,$162.56,885626,$160.08,$163.54,$159.58
10/14/2019,$159,1140563,$159.62,$160.948,$158.31
10/11/2019,$160.22,1180240,$160.97,$162.49,$158.93
10/10/2019,$157.4,894800,$158.02,$159.26,$156.6
10/09/2019,$157.48,1027582,$157.17,$158.81,$156.11
10/08/2019,$154.52,1485100,$158.76,$159.0255,$154.33
10/07/2019,$161.05,975599,$160.7,$162.68,$160.2006
10/04/2019,$161.11,1194290,$157.64,$161.29,$157.47
10/03/2019,$156.96,1300268,$155.47,$157.69,$153.69
10/02/2019,$155.05,1588944,$156.28,$157.4972,$153.63
10/01/2019,$158.29,919702,$160.79,$162.41,$157.7292
09/30/2019,$159.45,1139849,$159.46,$160.3,$157.65
09/27/2019,$158.48,1459134,$160.16,$161.32,$157.48
09/26/2019,$161.95,1281045,$160.88,$162.68,$159.935
09/25/2019,$160.59,1232245,$156.35,$160.93,$156.17
09/24/2019,$156.5,1726008,$159.31,$160.55,$155.5333
09/23/2019,$157.58,1122836,$155.2,$158.63,$155.2
09/20/2019,$155.5,3188169,$158.01,$158.54,$154.37
09/19/2019,$157.22,1393878,$158.61,$159.3,$156.46
09/18/2019,$157.98,2735174,$152.59,$158.09,$151.7
09/17/2019,$152.6,2144300,$153.21,$155.78,$150.16
09/16/2019,$151.19,1192212,$148.76,$151.92,$148.06
09/13/2019,$150.32,1879788,$149.58,$151.645,$147.8
09/12/2019,$149.61,2282125,$152.43,$152.7662,$149.39
09/11/2019,$150.65,2790205,$150,$150.77,$148.63
09/10/2019,$148.75,1885753,$149.77,$149.77,$146.06
09/09/2019,$150.51,2245848,$151.99,$152.76,$148.53
09/06/2019,$150.98,1985381,$150.85,$152.52,$150.591
09/05/2019,$151,2581984,$153.68,$155.33,$150.92
09/04/2019,$150.65,1982503,$151.58,$152,$149.97
09/03/2019,$149.93,2218899,$149.46,$150.39,$147.405
08/30/2019,$147.9,1820618,$147.98,$148.78,$147.09
08/29/2019,$146.37,1155594,$145.66,$147.47,$145.0952
08/28/2019,$143.56,996588,$141.16,$144.05,$140.05
08/27/2019,$142.42,1230330,$142.46,$142.93,$140.61
08/26/2019,$141.29,1020813,$141,$141.92,$139.89
08/23/2019,$139.16,1888894,$142.26,$144.32,$138.56
08/22/2019,$143.57,1333394,$142.65,$144.52,$141.28
08/21/2019,$141.9,836245,$141.62,$142.75,$140.38
08/20/2019,$140.37,1157399,$140.26,$142.13,$139.21
08/19/2019,$140.36,1707487,$138,$141.8,$137.2
08/16/2019,$136.12,1381207,$132.94,$136.59,$132.13
08/15/2019,$132.04,815452,$131.32,$133.09,$130.9335
08/14/2019,$131.11,1152112,$131.9,$134.03,$130.43
08/13/2019,$135.22,1964194,$132.55,$137.13,$132.28
08/12/2019,$134.2,941903,$135,$135.9,$133.43
08/09/2019,$136.09,1025625,$136.35,$137.26,$134.03
08/08/2019,$137.33,1554256,$135.94,$137.64,$134.74
08/07/2019,$134.14,1428131,$134.16,$135.62,$133.46
08/06/2019,$135.64,3343545,$131.87,$140.77,$131.11
08/05/2019,$126.46,3480471,$130.1,$130.9599,$125.1942
08/02/2019,$133.24,2269486,$135.12,$135.4,$131.49
08/01/2019,$136.77,2808933,$136.51,$143.95,$135.37
07/31/2019,$136.32,1331204,$139.58,$139.7,$134.37
07/30/2019,$140,615125,$138.13,$140.83,$138
07/29/2019,$139.51,922499,$139.04,$139.81,$138.59
07/26/2019,$139.45,1065906,$140.35,$141.44,$139.2601
07/25/2019,$139.7,1587174,$141.05,$142.08,$139.18
07/24/2019,$142.65,1356188,$139.88,$142.66,$139.77
07/23/2019,$140.17,1722248,$137.46,$140.7,$136.8686
07/22/2019,$137.15,1776424,$133.71,$137.27,$132.79
07/19/2019,$131.96,1171537,$133.53,$133.95,$131.68
07/18/2019,$133.41,2506267,$125.5,$133.84,$125.5
07/17/2019,$125.49,1649688,$123.94,$125.99,$122.69
07/16/2019,$122.5,905517,$123.11,$123.37,$121.6
07/15/2019,$123.54,854780,$123.05,$123.87,$122.48
07/12/2019,$122.92,1412424,$120.34,$123.06,$120.34
07/11/2019,$120.06,1559854,$119.52,$120.21,$118.14
07/10/2019,$119.61,1071869,$118.74,$120.75,$118.39
07/09/2019,$117.78,864241,$116.13,$117.96,$115.9
07/08/2019,$117.35,1107259,$116.88,$117.96,$116.71
07/05/2019,$117.9,930080,$117.57,$118.1455,$116.33
07/03/2019,$119.06,1195680,$119.94,$119.94,$118.42
07/02/2019,$119.63,1447809,$121.36,$121.36,$118.765
07/01/2019,$121.72,1450600,$121.84,$123.43,$120.17
06/28/2019,$118.2,1226627,$118.94,$119.71,$117.755
06/27/2019,$117.74,881656,$117.32,$119.23,$117.19
06/26/2019,$116.85,1416633,$114.97,$117.1,$113.85
06/25/2019,$113.07,1578038,$113.73,$115.26,$112.96
06/24/2019,$113.22,1336697,$114.33,$114.57,$113.18
06/21/2019,$113.93,2702228,$114.18,$115,$113.01
06/20/2019,$113.79,906400,$114.26,$114.84,$112.97
06/19/2019,$112.26,1187535,$111.95,$113.01,$111.18
06/18/2019,$111.61,1969816,$109.54,$112.9,$108.815
06/17/2019,$107.93,1635406,$109.74,$109.91,$107.89
06/14/2019,$109.7,1190961,$108.86,$110.395,$107.69
06/13/2019,$110.94,1074498,$110.8,$111.65,$109.91
06/12/2019,$110.1,1771475,$112.38,$113.84,$109.91
06/11/2019,$114.23,1498038,$115.14,$116.14,$113.41
06/10/2019,$113.46,1516496,$110.85,$114.17,$109.67
06/07/2019,$109.42,1096706,$108.65,$109.89,$107.89
06/06/2019,$107.86,1939051,$106.53,$108.34,$105.855
06/05/2019,$106.31,1658716,$106.49,$107.61,$104.45
06/04/2019,$105.32,2074240,$103.09,$105.45,$101.985
06/03/2019,$101.78,1923392,$103.76,$104.78,$101.34
05/31/2019,$103.07,1373065,$102.9,$104.67,$102.66
05/30/2019,$104.5,1777805,$103.86,$105.51,$103.59
05/29/2019,$103.39,1897110,$101.92,$103.72,$101.91
05/28/2019,$102.74,2574310,$105.24,$105.24,$102.4
05/24/2019,$103.81,1007397,$105.16,$105.73,$103.66
05/23/2019,$104.53,1423202,$104.27,$104.92,$102.925
05/22/2019,$105.89,1255793,$105.73,$106.64,$105.12
05/21/2019,$106.83,1738038,$107.03,$108.4,$106.61
05/20/2019,$105.61,2152483,$105.62,$107.27,$105.05
05/17/2019,$108.6,1747471,$107.72,$110.32,$107.35
05/16/2019,$108.78,1956787,$109.73,$110.02,$108.42
05/15/2019,$110.35,2461139,$108.79,$111.16,$108.34
05/14/2019,$109.57,1999944,$109.28,$110.9,$108.28
05/13/2019,$108.83,1965112,$110.21,$111.44,$108.2
05/10/2019,$114.02,2132877,$114.09,$116.17,$111.87
05/09/2019,$114.13,2751072,$113.32,$114.7,$111.1
05/08/2019,$114.55,2311215,$116.25,$117.03,$114.22
05/07/2019,$116.96,4589412,$119.55,$119.76,$114.41
05/06/2019,$124.61,1458737,$125.09,$125.61,$123.87
05/03/2019,$128.47,1257742,$128.52,$129.03,$127.6
05/02/2019,$128.17,1476556,$126.06,$128.93,$125.65
05/01/2019,$125.96,825717,$128.43,$128.9,$125.95
04/30/2019,$127.48,1119890,$126.05,$127.63,$125.71
04/29/2019,$126.05,1172577,$125.61,$126.45,$124.74
04/26/2019,$125.79,1114858,$124.29,$125.88,$123.28
04/25/2019,$125.41,1282058,$127.12,$128.2117,$123.94
04/24/2019,$125.64,1186167,$123.52,$127.42,$123.02
04/23/2019,$123.16,1206136,$123.28,$123.83,$122.58
04/22/2019,$123.07,648770,$123.76,$123.76,$122.74
04/18/2019,$124.2,1080472,$124.39,$124.58,$123.23
04/17/2019,$123.72,1408655,$125.5,$125.84,$122.45
04/16/2019,$124.35,1942537,$122.8,$124.51,$122.67
04/15/2019,$122.25,1048182,$123.52,$123.59,$121.205
04/12/2019,$123.43,942797,$124.17,$124.5,$122.12
04/11/2019,$122.91,1037169,$124.15,$124.38,$122.24
04/10/2019,$123.34,952184,$121.89,$123.62,$121.75
04/09/2019,$122.13,1446771,$122.28,$123.56,$121.21
04/08/2019,$124.72,926483,$124,$124.9,$123.19
04/05/2019,$124.34,1040285,$124.57,$125.495,$123.81
04/04/2019,$123.99,873952,$124.01,$125.26,$123.1
04/03/2019,$124.07,1960882,$123.3,$124.195,$122.68
04/02/2019,$121.95,894285,$122.72,$122.89,$121.23
04/01/2019,$122.16,1210262,$119.88,$122.26,$119.41
03/29/2019,$119.41,1219458,$118.75,$119.6,$118.12
03/28/2019,$117.47,791999,$118.56,$119.075,$116.43
03/27/2019,$118.1,1474317,$120.17,$120.86,$116.7
03/26/2019,$120.04,1079916,$120.61,$121.25,$119.25
03/25/2019,$119.4,872417,$120.25,$121,$118.78
03/22/2019,$120.53,1571028,$122.95,$123.93,$120.3162
03/21/2019,$123.8,1478767,$120.13,$124.68,$119.98
03/20/2019,$119.93,1288372,$120.33,$120.88,$119.04
03/19/2019,$120.16,1226665,$119.99,$120.99,$119.77
03/18/2019,$119.88,1713447,$119.89,$121.68,$119.36
03/15/2019,$119.62,2949798,$118.09,$120.32,$117.84
03/14/2019,$117.19,1420634,$116.81,$118.62,$116.54
03/13/2019,$116.88,1615939,$117.39,$118.22,$116.17
03/12/2019,$116.67,1407307,$117.43,$117.83,$116.17
03/11/2019,$116.93,1416796,$114.82,$117.32,$114.7
03/08/2019,$113.95,1403848,$113.03,$114.32,$112.41
03/07/2019,$114.63,1716153,$115.05,$115.64,$113.29
03/06/2019,$114.5,1714739,$115.43,$115.7363,$114.18
03/05/2019,$115.24,1440343,$115.89,$116.85,$115.24
03/04/2019,$116.71,1366932,$116.94,$117.75,$115.29
03/01/2019,$115.78,1273836,$116.64,$117.63,$115.2
02/28/2019,$115.49,1592927,$114.18,$115.67,$113.7
02/27/2019,$114.9,2096871,$115.53,$115.77,$112.7
02/26/2019,$116.12,1439904,$115.83,$116.55,$115.69
02/25/2019,$115.76,1405452,$116.53,$117.45,$115.68
02/22/2019,$114.49,4037559,$113.89,$115.56,$113.07
02/21/2019,$112.99,2604752,$114.72,$114.72,$111.68
02/20/2019,$112.87,3022261,$108.75,$113.32,$108.57
02/19/2019,$108.26,6295905,$108.5,$110.3,$108.1
02/15/2019,$108.19,1397079,$108.26,$108.26,$106.33
02/14/2019,$107.14,1013588,$106.75,$108.49,$106.505
02/13/2019,$107.88,1072188,$107.52,$108.5,$107.32
02/12/2019,$107.2,755983,$106.81,$107.65,$106.4
02/11/2019,$105.62,1046186,$106.18,$106.595,$105.25
02/08/2019,$105.6,889896,$103.8,$105.61,$103.45
02/07/2019,$105.48,1474843,$106.62,$107.14,$104.8
02/06/2019,$107.82,1993012,$106.99,$109.14,$106.98
02/05/2019,$106.78,964050,$106.98,$107.46,$105.9
02/04/2019,$107.03,1497558,$107,$107.3,$105.76
02/01/2019,$106.96,1423175,$106.94,$107.68,$106.145
01/31/2019,$106.57,2217052,$105.42,$108.65,$104.66
01/30/2019,$105.98,2491548,$103.98,$106.37,$101.87
01/29/2019,$100.99,1832450,$102.4,$102.425,$100.35
01/28/2019,$101.68,1682900,$99.11,$102.7799,$98.6452
01/25/2019,$101.39,1842044,$100.12,$102.33,$100.08
01/24/2019,$98.29,1843072,$94.72,$98.6,$94
01/23/2019,$91.85,1361661,$94,$94.51,$91.06
01/22/2019,$93.21,1545615,$95.18,$95.18,$92.58
01/18/2019,$95.73,1516420,$94.06,$97.11,$93.62
01/17/2019,$92.92,1853164,$90.47,$93.01,$89.93
01/16/2019,$90.96,1132545,$91.92,$93,$90.8
01/15/2019,$92.52,759470,$93.22,$93.79,$91.81
01/14/2019,$92.43,889998,$92.82,$93.52,$91.76
01/11/2019,$94.03,793272,$93.05,$94.99,$93
01/10/2019,$93.71,1128783,$92.54,$93.91,$92.01
01/09/2019,$93.48,1471934,$91.97,$94.51,$91.97
01/08/2019,$91.13,1842227,$93.49,$93.49,$89.36
01/07/2019,$92.6,1315606,$91.27,$93.42,$90.65
01/04/2019,$91.3,1691244,$87.25,$91.38,$87.21
01/03/2019,$85.81,1857363,$88.41,$89.995,$85.69
01/02/2019,$90.91,1220376,$87.53,$91.69,$87.53
12/31/2018,$89.49,1044646,$90.01,$90.45,$88.3259
12/28/2018,$88.63,1255979,$88.3,$90.34,$88
12/27/2018,$88.3,1520938,$84.73,$88.41,$84.69
12/26/2018,$86.05,1643865,$82.05,$86.09,$80.65
12/24/2018,$81.23,1700210,$84.58,$85.09,$81.14
12/21/2018,$85.67,4273027,$86.82,$88.73,$84.61
12/20/2018,$85.9,2106510,$86.99,$88.15,$84.83
12/19/2018,$86.94,2496636,$89.64,$92.01,$86.33
12/18/2018,$90.02,2339172,$90.13,$93.13,$89.66
12/17/2018,$88.94,2036586,$89.44,$91.23,$88.3
12/14/2018,$89.51,1900068,$91.13,$91.95,$89.48
12/13/2018,$92.68,1082756,$93.96,$94.48,$92.045
12/12/2018,$93.54,2103282,$94.89,$94.89,$91.8
12/11/2018,$92.73,1611077,$94.27,$95.41,$91.67
12/10/2018,$92.28,1067055,$92.22,$93.45,$91.18
12/07/2018,$92.19,1190770,$95.42,$96.01,$91.6
12/06/2018,$95.56,2124700,$94.21,$95.61,$93.45
12/04/2018,$95.92,2642861,$99.21,$99.89,$95.73
12/03/2018,$101.15,2311217,$100.46,$101.64,$99.63
11/30/2018,$98.56,1492470,$96.47,$98.68,$96
11/29/2018,$96.69,1037303,$98.1,$98.59,$96.6
11/28/2018,$98.73,1358548,$97.22,$98.89,$95.68
11/27/2018,$96.33,1160104,$95.17,$96.56,$94.81
11/26/2018,$95.83,1311469,$95.77,$96.07,$94.12
11/23/2018,$94.31,693252,$94.17,$95.84,$93
11/21/2018,$94.74,1192428,$95.62,$96.4,$93.8
11/20/2018,$94.48,1625442,$90.36,$95.61,$90.25
11/19/2018,$92.33,2484082,$96.11,$96.91,$92.09
11/16/2018,$96.9,3026116,$92.59,$97.68,$91.83
11/15/2018,$94.44,2025679,$91.27,$95.05,$90.76
11/14/2018,$92.32,2070433,$94.22,$95.15,$92.11
11/13/2018,$93.42,2476425,$92.73,$95.44,$92.73
11/12/2018,$92.29,1956295,$93.74,$95.05,$91.64
11/09/2018,$95.28,1648973,$96,$96.73,$94.41
11/08/2018,$97.05,1430544,$95.71,$97.47,$95.325
11/07/2018,$96.51,2255898,$96.04,$97.19,$93.98
11/06/2018,$95.05,1585628,$92.84,$95.22,$92.15
11/05/2018,$92.51,2468995,$93.28,$94.01,$91.26
11/02/2018,$93.29,1577136,$95.1,$95.99,$92.58
11/01/2018,$94.92,2950903,$91.95,$95.485,$91.31
10/31/2018,$91.54,1687777,$92.71,$92.75,$90.035
10/30/2018,$91.6,2894934,$88.5,$92.477,$87.02
10/29/2018,$85.13,2102724,$88.67,$89.04,$84.59
10/26/2018,$87.21,2685107,$87,$89.06,$86
10/25/2018,$89.03,1593496,$87.54,$89.57,$87
10/24/2018,$86,2288283,$89.21,$89.56,$85.89
10/23/2018,$90.49,1412128,$87.86,$90.82,$87.02
10/22/2018,$90.28,1996054,$91.11,$91.57,$89.09
10/19/2018,$90.81,1961519,$91.61,$92.82,$90.1247
10/18/2018,$91.34,1584390,$93.29,$93.55,$91.085
10/17/2018,$93.82,1937757,$96.98,$97,$93.21
10/16/2018,$92.96,1622486,$91.65,$93.14,$90.9
10/15/2018,$91.09,1564531,$93.07,$93.52,$91.06
10/12/2018,$93.19,1473379,$94.09,$94.92,$91.65
10/11/2018,$91.77,2129486,$94.12,$95.98,$91.29
10/10/2018,$93.85,3570975,$97.63,$97.85,$93.74
10/09/2018,$99.15,2344631,$100.18,$101.21,$97.75
10/08/2018,$99.22,1203126,$99.02,$99.64,$97.33
10/05/2018,$99.34,1472250,$101.44,$101.73,$98.54
10/04/2018,$101.35,3039734,$101.88,$101.99,$98.89
10/03/2018,$102.81,1279520,$101.6,$102.97,$100.13
10/02/2018,$100.97,1279136,$100.7,$102.84,$100.625
10/01/2018,$100.76,1400569,$102.46,$102.655,$100.52
09/28/2018,$101.71,2777825,$100.76,$102.43,$99.58
09/27/2018,$100.91,1228914,$101.31,$101.9975,$100.77
09/26/2018,$100.58,1490565,$101.4,$102.96,$100.47
09/25/2018,$102.36,1243819,$104.22,$104.4,$102.065
09/24/2018,$104.38,1126609,$103.44,$105.13,$103.1675
09/21/2018,$104.52,3173120,$104.72,$105.45,$103.54
09/20/2018,$103.92,2379001,$103.33,$104.62,$103.05
09/19/2018,$102.45,1628323,$103.8,$104.02,$101.925
09/18/2018,$103.59,1474167,$103.7,$104.64,$102.97
09/17/2018,$103.27,1354912,$104.56,$105.24,$102.92
09/14/2018,$104.47,1373179,$104.5,$105.65,$103.85
09/13/2018,$104.16,1394246,$104.5,$107.495,$103.69
09/12/2018,$102.9,2234250,$101.88,$103.28,$100.3
09/11/2018,$105.62,1790630,$105.09,$106.31,$104.65
09/10/2018,$105.69,1679143,$105.11,$105.97,$103.5
09/07/2018,$104.18,2120102,$106.64,$107.78,$103.89
09/06/2018,$107.28,3692265,$116.75,$118.43,$106.12
09/05/2018,$118.83,1561563,$117.46,$119.3,$116.865
09/04/2018,$118.19,1694804,$117.3,$118.545,$115.45
08/31/2018,$116.21,849428,$116.72,$117.52,$116.02
08/30/2018,$116.75,1051484,$116.42,$117.53,$116.11
08/29/2018,$116.73,1005278,$117.43,$117.73,$116.22
08/28/2018,$117.36,824171,$117.76,$118.3,$115.94
08/27/2018,$117.48,1106423,$116.3,$118.35,$115.86
08/24/2018,$115.44,853839,$114.79,$115.78,$114.33
08/23/2018,$113.93,766273,$113.74,$114.74,$113.39
08/22/2018,$114.01,1158346,$113.02,$114.71,$112.21
08/21/2018,$113.29,1390177,$111.05,$113.83,$110.93
08/20/2018,$110.93,1225244,$112.82,$112.88,$110.63
08/17/2018,$112.4,2816365,$110.93,$113.06,$108.36
08/16/2018,$112.24,1481990,$113.42,$114,$111.81
08/15/2018,$112.75,1722452,$113.88,$114.14,$111.74
08/14/2018,$115.32,1094402,$116.78,$117.37,$115.18
08/13/2018,$116.15,1582192,$114.75,$116.19,$114.255
08/10/2018,$114.23,2340454,$115.31,$116.26,$113.21
08/09/2018,$116.77,984215,$117.46,$118.15,$116.6225
08/08/2018,$118.17,1241207,$118.13,$119.19,$115.62
08/07/2018,$118.16,1414213,$118.33,$119.15,$117.06
08/06/2018,$118.27,1151741,$118.87,$119.3348,$117.86
08/03/2018,$119.59,1239886,$118.45,$119.7,$117.29
08/02/2018,$118.47,1623189,$115.31,$118.71,$114.5
08/01/2018,$116.71,1839088,$117.76,$119.17,$116.24
07/31/2018,$117.42,4859612,$111.89,$122.4,$111.6
07/30/2018,$106.3,1859734,$107.32,$108.03,$105.42
07/27/2018,$107.57,1419196,$105.82,$108.93,$105.61
07/26/2018,$105.23,1522458,$104.46,$105.91,$104.25
07/25/2018,$104.44,1563084,$103.95,$104.52,$101.42
07/24/2018,$103.95,1688413,$107.67,$108.6,$103.67
07/23/2018,$106.94,850293,$106.72,$107.31,$104.68
07/20/2018,$106.92,1105600,$108.01,$108.01,$106.45
07/19/2018,$108.49,1306694,$109.21,$109.78,$107.07
07/18/2018,$110.23,1751277,$107.62,$110.82,$107.45
07/17/2018,$105.89,2037589,$103.62,$106.04,$103.62
07/16/2018,$104.16,903905,$104.7,$104.715,$103.96
07/13/2018,$104.86,606876,$104.59,$105.07,$104.14
07/12/2018,$104.55,1363379,$104.06,$104.82,$103.49
07/11/2018,$103.26,1120069,$105.4,$106.4291,$103.025
07/10/2018,$106.06,1086463,$106.61,$107.02,$105.58
07/09/2018,$105.96,769773,$105.11,$105.99,$104.28
07/06/2018,$104.87,676312,$103.17,$105,$102.25
07/05/2018,$103.43,1024236,$102.61,$103.5,$101.75
07/03/2018,$101.6,803832,$103.86,$103.86,$101.45
07/02/2018,$103.8,1365949,$101.28,$103.87,$100.36
06/29/2018,$102.53,1727624,$102.43,$103.97,$102.08
06/28/2018,$101.81,1560747,$100.53,$101.89,$99.84
06/27/2018,$100.64,1462332,$104.81,$105.09,$100.57
06/26/2018,$104.59,1492583,$105.11,$105.61,$103.76
06/25/2018,$104.14,2198886,$105.43,$105.43,$101.74
06/22/2018,$106.56,2893696,$107.11,$108.96,$105.29
06/21/2018,$110.31,1141592,$110.43,$111.32,$109.62
06/20/2018,$109.77,1201660,$111.07,$111.7772,$109.32
06/19/2018,$110.58,1078035,$110.42,$111.28,$109.14
06/18/2018,$112.05,1202039,$111.83,$112.39,$109.83
06/15/2018,$112.84,1724822,$113.16,$113.16,$111.31
06/14/2018,$113.13,1039029,$113.5,$113.75,$112.36
06/13/2018,$112.96,1383277,$113.9,$114.39,$112.4774
06/12/2018,$113.59,1169670,$113.12,$113.68,$111.53
06/11/2018,$112.47,1301716,$113.82,$114.66,$112.33
06/08/2018,$114.2,1369690,$114.39,$114.57,$113.14
06/07/2018,$115.93,1899059,$115.45,$116.57,$114.45
06/06/2018,$117.43,1596884,$118.14,$118.56,$116.9
06/05/2018,$118.13,1083871,$117.04,$118.19,$116.57
06/04/2018,$116.24,852206,$115.28,$117.12,$115.17
06/01/2018,$115.84,1381708,$114.51,$116.42,$113.85
05/31/2018,$113.23,1373184,$113.92,$115.02,$112.86
05/30/2018,$114.01,961411,$114.52,$115.33,$113.3
05/29/2018,$113.65,1238546,$113.5,$114.46,$112.08
05/25/2018,$114.32,822958,$113.29,$114.96,$113.16
05/24/2018,$113.53,1321207,$113.11,$113.8973,$111.66
05/23/2018,$113.3,1057505,$112.32,$113.32,$111.3401
05/22/2018,$113.62,1334829,$112.2,$114.38,$112.18
05/21/2018,$111.44,1249865,$110.87,$111.89,$109.8501
05/18/2018,$109.39,2021920,$111.45,$111.45,$107.82
05/17/2018,$113.24,1309722,$113.4,$114.36,$111.83
05/16/2018,$113.67,1149707,$111.77,$114.02,$111.63
05/15/2018,$111.33,1364034,$111.83,$112,$110.25
05/14/2018,$112.73,1513248,$111.38,$113.93,$111.38
05/11/2018,$111.07,950149,$110.79,$111.782,$110.41
05/10/2018,$111.06,699540,$109.68,$111.2,$109.185
05/09/2018,$109.17,1146218,$107.5,$109.22,$106.9
05/08/2018,$106.9,1117939,$105.66,$107.21,$105.52
05/07/2018,$106.71,1138997,$107,$107.25,$106.12
05/04/2018,$106.66,1291344,$102.47,$106.71,$101.675
05/03/2018,$102.99,1024445,$101.45,$103.35,$100.445
05/02/2018,$102.17,1103138,$102.6,$103.83,$101.87
05/01/2018,$102.33,1357252,$101.65,$102.62,$100.39
04/30/2018,$101.74,1558203,$102.51,$103.24,$100.89
04/27/2018,$102.18,2691996,$101.57,$103.65,$99.055
04/26/2018,$100.83,1657107,$99.47,$101.25,$99.23
04/25/2018,$98.65,1605345,$99.75,$100.49,$97.94
04/24/2018,$99.56,1815483,$102.43,$102.88,$98.0701
04/23/2018,$101,1990402,$102.26,$102.56,$100.08
04/20/2018,$101.48,1545290,$102.63,$103.4,$100.89
04/19/2018,$102.29,1911299,$106.6,$106.6,$101.89
04/18/2018,$108.24,1071122,$108.57,$109.15,$106.59
04/17/2018,$110.62,1375942,$110.15,$111.03,$109.165
04/16/2018,$108.85,1021389,$108.66,$109.58,$107.2
04/13/2018,$107.59,922756,$110.23,$110.25,$106.97
04/12/2018,$109.12,1167408,$107.58,$109.4625,$107.055
04/11/2018,$106.64,1195187,$107.22,$108.84,$106.4
04/10/2018,$108.57,1375573,$106.04,$109.47,$105.691
04/09/2018,$103.79,1505644,$105.14,$107.88,$103.62
04/06/2018,$104.07,1663979,$106.72,$108.25,$103.5401
04/05/2018,$108.71,1652016,$110.79,$111.6,$108.24
04/04/2018,$109.25,1128086,$104.92,$109.67,$103.63
04/03/2018,$107.57,1281084,$106.4,$107.76,$105.24
04/02/2018,$105.33,1344008,$108.31,$108.64,$104.025
03/29/2018,$109.01,1081449,$107.49,$110.525,$106.1722
03/28/2018,$106.57,1492970,$107.63,$108.82,$105.05
03/27/2018,$107.81,1472340,$114.14,$114.36,$107
03/26/2018,$113.36,2100772,$110.69,$113.49,$110.2
03/23/2018,$108.18,2171394,$113.43,$113.85,$108.16
03/22/2018,$112.92,1618137,$116.09,$117.28,$112.79
03/21/2018,$118.06,1456721,$117.59,$119.805,$117.39
03/20/2018,$117.19,2844611,$115.71,$118.78,$114.86
03/19/2018,$115.98,4105808,$118.31,$118.95,$111.05
03/16/2018,$120.62,1673648,$121.51,$121.615,$120.15
03/15/2018,$120.81,1041973,$120.56,$122.46,$119.84
03/14/2018,$120.44,986639,$121.84,$121.89,$119.72
03/13/2018,$120.48,1098096,$123.41,$123.96,$120.05
03/12/2018,$122.39,1042309,$122,$123.11,$121.02
03/09/2018,$121.15,1227857,$117.67,$121.34,$117.01
03/08/2018,$117,760304,$118.05,$118.07,$116.365
03/07/2018,$117.45,1298232,$115.3,$117.84,$115.14
03/06/2018,$116.07,1033106,$114.77,$116.72,$114.19
03/05/2018,$113.83,786513,$112.61,$115.13,$111.79
03/02/2018,$113.01,911297,$110.05,$113.28,$109.39
03/01/2018,$111.21,1193146,$112.92,$114.69,$110.25
02/28/2018,$113.31,1125236,$114.19,$115,$112.98
02/27/2018,$113.46,947366,$114.47,$115.605,$113.04
02/26/2018,$114.67,1173676,$111.19,$114.72,$111.19
02/23/2018,$110.47,1273319,$109.93,$110.66,$108.72
02/22/2018,$108.91,1515011,$111.67,$111.9,$108.29
02/21/2018,$109.67,1561966,$110.81,$111.48,$109.24
02/20/2018,$110.55,2013450,$107.28,$112.0736,$107
02/16/2018,$107.52,1772004,$108.54,$110.77,$107.45
02/15/2018,$108.87,2885961,$108.75,$109.29,$103.71
02/14/2018,$107.47,2061916,$103.09,$108.43,$102.89
02/13/2018,$104.21,2017399,$103.31,$104.62,$102.755
02/12/2018,$103.91,1751033,$101.75,$104.81,$101.2
02/09/2018,$100.9,1732172,$99.71,$101.8099,$96.12
02/08/2018,$98.54,2398896,$103.01,$103.837,$97.58
02/07/2018,$102.66,1610826,$104.37,$105.43,$102.07
02/06/2018,$105.23,2093248,$99.12,$105.3,$98.73
02/05/2018,$101.2,1868840,$106,$107.3,$101.19
02/02/2018,$106.52,1418845,$110.04,$110.18,$106.47
02/01/2018,$111.15,1430958,$109.27,$113.12,$109.07
01/31/2018,$109.8,1172060,$110.03,$111.035,$109.05
01/30/2018,$109.41,1539310,$111.38,$112.02,$108.9297
01/29/2018,$112.13,1415376,$113.37,$113.7299,$111.31
01/26/2018,$113.44,2314453,$111,$115.69,$110.34
01/25/2018,$113.09,1839839,$117.29,$121.65,$112.59
01/24/2018,$114.93,1249665,$115.72,$116.62,$113.95
01/23/2018,$116.01,1175882,$114.82,$116.3482,$114.48
01/22/2018,$114.59,1097227,$115.01,$115.88,$113.77
01/19/2018,$115.02,976375,$114.75,$115.12,$113.59
01/18/2018,$114.65,1353170,$112.84,$115.83,$112.01
01/17/2018,$113.49,2047401,$109.25,$114.41,$108.67
01/16/2018,$107.66,1302432,$108.53,$109.25,$107.13
01/12/2018,$107.29,990645,$106.65,$108.3,$106.29
01/11/2018,$106.24,1000920,$106.64,$106.7458,$104.96
01/10/2018,$106.28,1439468,$108.41,$108.41,$104.71
01/09/2018,$109.2,866893,$110.33,$110.7075,$108.63
01/08/2018,$110.16,772683,$108.55,$110.94,$108.55
01/05/2018,$109.86,1468627,$108.38,$110.6762,$107.9
01/04/2018,$107.56,1926199,$107.95,$109.48,$106.35
01/03/2018,$107.37,2734129,$105.86,$107.58,$104.98
01/02/2018,$106.13,1689130,$105.76,$106.63,$104.92
12/29/2017,$105.07,1086853,$107.83,$108.165,$104.94
12/28/2017,$107.85,947998,$108.12,$108.92,$107.17
12/27/2017,$107.28,713875,$107.9,$108.36,$106.555
12/26/2017,$107.65,506959,$108.61,$109.32,$107.13
12/22/2017,$109.32,584961,$108.79,$109.61,$107.74
12/21/2017,$108.62,1268086,$112.5,$112.7,$108.5
12/20/2017,$112.45,1530439,$113.1,$114.43,$111.375
12/19/2017,$111.62,1308166,$111,$112.15,$110.42
12/18/2017,$111.22,1753031,$109.57,$112.22,$109.01
12/15/2017,$105.63,2630033,$104.33,$106.22,$103.18
12/14/2017,$104.42,1372598,$104.15,$106.32,$103.95
12/13/2017,$103.87,1169933,$103.26,$104.27,$102.31
12/12/2017,$103.06,1297789,$103.81,$104.03,$102.03
12/11/2017,$103.85,1114089,$104.25,$104.69,$102.49
12/08/2017,$103.98,1017085,$105.08,$105.83,$103.81
12/07/2017,$104.58,1213479,$103.11,$105,$102.86
12/06/2017,$102.74,1269268,$101.84,$102.97,$101.15
12/05/2017,$102.64,1434192,$101.15,$104.66,$100.05
12/04/2017,$100.88,1881578,$104.7,$104.8899,$100.2
12/01/2017,$103.87,2205134,$101.26,$104,$99.7177
11/30/2017,$102.24,3569483,$101.5,$104.33,$100.97
11/29/2017,$100.35,3455587,$107.16,$107.375,$98.91
11/28/2017,$107.16,1669396,$104.27,$107.22,$104.27
11/27/2017,$104.39,1323952,$103.64,$105.1,$102.3
11/24/2017,$105.04,891437,$104.73,$105.42,$104.08
11/22/2017,$104.47,1206427,$105.68,$105.68,$103.87
11/21/2017,$104.73,1503346,$103.26,$104.88,$103.25
11/20/2017,$102.51,1615509,$101.99,$103.25,$101.7169
11/17/2017,$101.65,1693609,$105.76,$106.52,$101.53
11/16/2017,$104.77,2262348,$103.49,$106.96,$102.7911
11/15/2017,$102.95,2057435,$102.04,$103.31,$100.51
11/14/2017,$102.15,1844412,$101.34,$102.21,$100.701
11/13/2017,$101.93,2259066,$101.52,$103.03,$101.23
11/10/2017,$102.44,2176486,$102.2,$103.1,$101.6101
11/09/2017,$102.4,2103353,$106.53,$106.54,$101.78
11/08/2017,$107.08,1111129,$107.59,$107.85,$106.3
11/07/2017,$107.5,1254171,$105.43,$107.56,$105.16
11/06/2017,$105.51,1125077,$106.33,$106.99,$105.06
11/03/2017,$106.3,1156007,$106.08,$106.65,$105.57
11/02/2017,$106.38,1739934,$105.22,$106.44,$104.5
11/01/2017,$105.15,2315609,$110,$110.005,$103.09
10/31/2017,$108.89,2645874,$107.78,$109.63,$106.85
10/30/2017,$107.35,1900976,$108.17,$108.63,$106.45
10/27/2017,$108.07,2477321,$108.19,$109.5,$103.6
10/26/2017,$108.85,2340091,$107.04,$109.78,$107.0036
10/25/2017,$106.71,1597360,$107.36,$107.61,$105.21
10/24/2017,$107.69,1007867,$107.76,$108.165,$107.06
10/23/2017,$107.8,1162867,$108.99,$108.99,$107.45
10/20/2017,$108.34,835409,$109.06,$109.15,$107.89
10/19/2017,$108.05,708483,$106.72,$108.065,$105.77
10/18/2017,$108.09,863123,$108.19,$108.23,$106.12
10/17/2017,$108.01,1099332,$107.84,$108.29,$106.74
10/16/2017,$107.33,2080093,$106.01,$107.39,$105.11
10/13/2017,$105.3,1005235,$105.23,$106.1,$104.82
10/12/2017,$104.82,941101,$104.89,$105.76,$104.5
10/11/2017,$104.59,664849,$104.07,$105.14,$103.79
10/10/2017,$104.45,859821,$104.94,$104.94,$103.37
10/09/2017,$103.95,884333,$102.73,$104.46,$102.63
10/06/2017,$102.47,965210,$101.74,$102.66,$101.27
10/05/2017,$101.67,1155166,$103.54,$103.59,$101.35
10/04/2017,$103,1439395,$102.63,$103.08,$101.04
10/03/2017,$102.84,1727935,$105.03,$105.17,$102.35
10/02/2017,$104.95,1164028,$105.54,$105.99,$103.87
09/29/2017,$106,1076963,$105.13,$106.09,$104.15
09/28/2017,$104.92,1855645,$103.23,$105.19,$103.23
09/27/2017,$104.17,2204127,$100.28,$105.05,$99.66
